Departure,Arrival,Number of flights
AAH,NO,0
AAL,RNN,6
AAL,CPH,121
AAL,FAE,4
AAL,KEF,2
AAL,NAP,1
AAL,KUN,2
AAL,AMS,27
AAL,OSL,7
AAL,TRF,3
AAL,PDL,1
AAL,ALC,1
AAL,AGP,5
AAL,PMI,3
AAL,AYT,4
AAL,STN,4
AAL,EWR,3
AAR,ZAD,2
AAR,AAR,1
AAR,RNN,2
AAR,CPH,33
AAR,RKE,1
AAR,CFU,1
AAR,MXP,2
AAR,RIX,2
AAR,OSL,6
AAR,GDN,3
AAR,FAO,2
AAR,OTP,2
AAR,AGP,3
AAR,PMI,2
AAR,BMA,6
AAR,STN,10
ABD,IFN,1
ABD,MHD,22
ABD,SRY,2
ABD,SYZ,3
ABD,THR,28
ABA,KJA,4
ABA,DME,8
ABA,SVO,8
ABA,NSK,3
ABA,OVB,16
ABA,OMS,1
ABA,PEE,1
ABA,AER,2
ABZ,CPH,1
ABZ,EBJ,6
ABZ,CFU,1
ABZ,RHO,1
ABZ,DUB,15
ABZ,RIX,2
ABZ,AMS,33
ABZ,BGO,14
ABZ,OSL,7
ABZ,SVG,25
ABZ,GDN,3
ABZ,FAO,2
ABZ,ALC,3
ABZ,AGP,2
ABZ,PMI,3
ABZ,REU,1
ABZ,TFS,1
ABZ,DLM,4
ABZ,BHD,8
ABZ,BHX,20
ABZ,BRS,7
ABZ,LDY,1
ABZ,HUY,8
ABZ,KOI,21
ABZ,LGW,16
ABZ,LHR,36
ABZ,LTN,10
ABZ,MAN,26
ABZ,NCL,19
ABZ,NWI,13
ABZ,EMA,2
ABZ,QKR,1
ABZ,LSI,33
ABZ,MME,7
ABZ,WIC,13
ABZ,IAH,1
ABR,BIL,1
ABR,MSP,16
ABR,RAP,1
ABR,SJC,1
ABR,FSD,3
AHB,CAI,13
AHB,HMB,1
AHB,KWI,5
AHB,DMM,34
AHB,JED,111
AHB,RUH,141
AHB,SHW,2
AHB,TIF,3
AHB,DXB,14
AHB,SHJ,8
ABJ,ALG,4
ABJ,BRU,3
ABJ,COO,15
ABJ,BOY,2
ABJ,OUA,18
ABJ,DLA,1
ABJ,NSI,5
ABJ,BZV,5
ABJ,BYK,0
ABJ,HGO,0
ABJ,MJC,0
ABJ,KEO,0
ABJ,SPY,0
ABJ,FIH,4
ABJ,ADD,9
ABJ,CDG,16
ABJ,ORY,8
ABJ,LBV,4
ABJ,ACC,27
ABJ,CKY,8
ABJ,OXB,2
ABJ,NBO,3
ABJ,BEY,2
ABJ,ROB,3
ABJ,BKO,16
ABJ,CMN,11
ABJ,NIM,12
ABJ,ABV,3
ABJ,LOS,13
ABJ,DSS,22
ABJ,DAM,1
ABJ,LFW,17
ABJ,TUN,4
ABJ,IST,3
ABJ,LTN,1
ABJ,JFK,5
ABJ,NLA,1
ABI,CLL,1
ABI,DFW,33
ABI,IAH,1
ABI,LBB,4
ABI,MZJ,1
AUH,KBL,3
AUH,TIA,4
AUH,EVN,8
AUH,MEL,7
AUH,SYD,9
AUH,VIE,11
AUH,GYD,11
AUH,BAH,53
AUH,CGP,7
AUH,DAC,18
AUH,ZYL,2
AUH,BRU,6
AUH,SJJ,8
AUH,SOF,2
AUH,YYZ,8
AUH,PKX,4
AUH,CAN,7
AUH,PVG,12
AUH,WUH,1
AUH,LCA,0
AUH,HBE,10
AUH,CAI,50
AUH,HMB,2
AUH,CDG,13
AUH,KUT,7
AUH,TBS,4
AUH,FRA,16
AUH,MUC,8
AUH,ATH,12
AUH,JMK,0
AUH,JTR,2
AUH,HKG,8
AUH,BUD,3
AUH,AMD,21
AUH,BLR,16
AUH,MAA,32
AUH,COK,46
AUH,DEL,32
AUH,HYD,24
AUH,CNN,6
AUH,CCU,11
AUH,CCJ,21
AUH,IXE,4
AUH,BOM,56
AUH,TRZ,1
AUH,TRV,23
AUH,CGK,8
AUH,DUB,8
AUH,TLV,17
AUH,CTA,2
AUH,MXP,8
AUH,NAP,2
AUH,FCO,12
AUH,NRT,8
AUH,AMM,24
AUH,AQJ,2
AUH,ALA,4
AUH,NQZ,3
AUH,KWI,45
AUH,FRU,4
AUH,BEY,21
AUH,KUL,8
AUH,MLE,16
AUH,CMN,4
AUH,KTM,4
AUH,AMS,12
AUH,MCT,28
AUH,SLL,11
AUH,LYP,3
AUH,ISB,24
AUH,KHI,16
AUH,LHE,19
AUH,MUX,2
AUH,PEW,6
AUH,SKT,2
AUH,MNL,16
AUH,KTW,2
AUH,KRK,2
AUH,DOH,66
AUH,OTP,3
AUH,CLJ,1
AUH,DME,6
AUH,SVO,8
AUH,DMM,32
AUH,JED,26
AUH,MED,8
AUH,RUH,35
AUH,BEG,6
AUH,SEZ,3
AUH,SIN,8
AUH,JNB,7
AUH,ICN,8
AUH,BCN,8
AUH,MAD,8
AUH,CMB,6
AUH,KRT,3
AUH,GVA,5
AUH,ZRH,8
AUH,DAM,3
AUH,BKK,12
AUH,HKT,4
AUH,ESB,5
AUH,AYT,4
AUH,IST,19
AUH,SAW,7
AUH,DXB,1
AUH,LHR,32
AUH,MAN,8
AUH,ORD,8
AUH,JFK,16
AUH,IAD,8
AUH,SKD,3
AUH,TAS,6
AUH,HAN,5
AZI,LBG,1
AEU,BND,5
ABS,ASW,6
ABS,CAI,1
ABV,COO,1
ABV,DLA,4
ABV,NSI,4
ABV,NDJ,4
ABV,ABJ,0
ABV,CAI,2
ABV,ADD,8
ABV,CDG,3
ABV,FRA,6
ABV,ACC,11
ABV,AKR,23
ABV,ABB,20
ABV,BCU,4
ABV,BNI,30
ABV,CBQ,12
ABV,ENU,23
ABV,GMO,13
ABV,IBA,16
ABV,ILR,31
ABV,JOS,3
ABV,KAN,49
ABV,DKA,3
ABV,LOS,273
ABV,MIU,27
ABV,MDI,4
ABV,QOW,22
ABV,PHC,51
ABV,SKO,16
ABV,QUO,27
ABV,QRW,8
ABV,YOL,17
ABV,DOH,8
ABV,LFW,8
ABV,IST,5
ABV,LHR,8
ACA,CUN,2
ACA,GDL,8
ACA,NLU,10
ACA,MEX,59
ACA,MTY,3
ACA,TIJ,10
ACA,DFW,1
ACA,IAH,1
ACC,BRU,7
ACC,GRU,6
ACC,OUA,3
ACC,ABJ,0
ACC,CAI,4
ACC,ADD,13
ACC,CDG,3
ACC,KMS,98
ACC,NYI,6
ACC,TKD,34
ACC,TML,53
ACC,WZA,5
ACC,NBO,11
ACC,BEY,2
ACC,ROB,15
ACC,CMN,4
ACC,AMS,7
ACC,ABV,9
ACC,LOS,45
ACC,PHC,1
ACC,LIS,4
ACC,DOH,5
ACC,KGL,4
ACC,TMS,3
ACC,DSS,2
ACC,FNA,12
ACC,JNB,3
ACC,LFW,22
ACC,IST,10
ACC,DXB,8
ACC,LHR,8
ACC,JFK,8
ACC,IAD,3
ADT,NO,0
ADK,ANC,3
AIP,NO,0
ADA,BRU,1
ADA,BER,1
ADA,CGN,2
ADA,DUS,7
ADA,FRA,4
ADA,HAJ,1
ADA,MUC,1
ADA,STR,2
ADA,IKA,2
ADA,BEY,8
ADA,DOH,3
ADA,DME,3
ADA,SVO,4
ADA,JED,5
ADA,MED,5
ADA,ESB,24
ADA,AYT,26
ADA,BJV,8
ADA,ECN,37
ADA,IST,97
ADA,ISL,1
ADA,SAW,75
ADA,ADB,21
ADA,TZX,5
ADA,VAN,4
ADD,LAD,7
ADD,VIE,7
ADD,BAH,1
ADD,BRU,11
ADD,LGG,10
ADD,COO,4
ADD,GBE,9
ADD,GRU,8
ADD,OUA,5
ADD,BJM,11
ADD,DLA,6
ADD,NSI,4
ADD,NDJ,9
ADD,PEK,6
ADD,CSX,2
ADD,CTU,2
ADD,TFU,3
ADD,CAN,12
ADD,PVG,5
ADD,WUH,2
ADD,BZV,10
ADD,ABJ,0
ADD,GOM,8
ADD,FIH,14
ADD,FBM,2
ADD,JIB,13
ADD,CAI,16
ADD,SSG,3
ADD,ASM,17
ADD,AMH,16
ADD,ASO,27
ADD,AWA,24
ADD,BJR,120
ADD,DSE,48
ADD,DIR,79
ADD,GMB,19
ADD,GOB,4
ADD,GDQ,59
ADD,SHC,16
ADD,JIJ,64
ADD,JIM,24
ADD,BCO,4
ADD,LLI,8
ADD,MQX,59
ADD,SZE,16
ADD,CDG,8
ADD,LBV,4
ADD,FRA,8
ADD,ACC,18
ADD,ATH,5
ADD,HKG,8
ADD,BLR,3
ADD,MAA,6
ADD,DEL,12
ADD,BOM,19
ADD,DUB,26
ADD,TLV,17
ADD,MXP,4
ADD,FCO,8
ADD,AMM,5
ADD,MBA,8
ADD,NBO,30
ADD,KWI,10
ADD,BEY,10
ADD,TNR,8
ADD,NOS,5
ADD,BLZ,4
ADD,LLW,9
ADD,BKO,9
ADD,MPM,8
ADD,WDH,10
ADD,NIM,2
ADD,ABV,8
ADD,ENU,4
ADD,KAN,9
ADD,LOS,13
ADD,MCT,4
ADD,KHI,4
ADD,DOH,8
ADD,DME,5
ADD,KGL,19
ADD,DMM,4
ADD,JED,24
ADD,RUH,11
ADD,SEZ,8
ADD,SIN,5
ADD,BSA,2
ADD,GGR,6
ADD,HGA,17
ADD,MGQ,17
ADD,CPT,8
ADD,JNB,23
ADD,ICN,5
ADD,JUB,16
ADD,KRT,2
ADD,ARN,8
ADD,GVA,7
ADD,DAR,17
ADD,JRO,8
ADD,ZNZ,8
ADD,BKK,8
ADD,LFW,11
ADD,IST,16
ADD,EBB,24
ADD,DXB,40
ADD,SHJ,6
ADD,LHR,8
ADD,ADE,1
ADD,LUN,11
ADD,NLA,4
ADD,HRE,9
ADD,VFA,6
ADL,ASP,17
ADL,BNE,93
ADL,BHQ,10
ADL,CNS,12
ADL,CBR,34
ADL,CED,8
ADL,CPD,3
ADL,DRW,26
ADL,OOL,18
ADL,HBA,4
ADL,KGC,7
ADL,MEL,201
ADL,MQL,1
ADL,MOO,5
ADL,MGB,24
ADL,NTL,4
ADL,OLP,23
ADL,PER,48
ADL,PLO,78
ADL,MCY,4
ADL,SYD,144
ADL,TSV,3
ADL,WYA,28
ADL,NAN,3
ADL,DPS,12
ADL,KUL,6
ADL,AKL,12
ADL,DOH,8
ADL,SIN,8
ADE,JIB,10
ADE,CAI,14
ADE,ADD,1
ADE,BOM,1
ADE,AMM,9
ADE,JED,21
ADE,MED,5
ADE,RUH,1
ADE,HGA,1
ADE,KRT,2
ADE,RIY,2
ADE,GXF,1
ADF,ESB,8
ADF,IST,13
ADF,SAW,7
AZR,ALG,19
AZR,BMW,7
AZR,CZL,1
AZR,GHA,1
AZR,HME,1
AZR,ORN,5
AZR,OGX,1
AZR,TMR,3
AZR,JED,0
AZR,MED,1
AZR,MAD,1
ADG,YTZ,1
ADG,ACB,1
AFO,NO,0
AJY,NIM,0
AJY,ZND,0
AGA,CRL,3
AGA,BSL,2
AGA,BOD,2
AGA,LIL,2
AGA,LYS,2
AGA,MRS,4
AGA,NTE,4
AGA,BVA,6
AGA,ORY,32
AGA,PGF,2
AGA,SXB,2
AGA,TLS,3
AGA,DUS,3
AGA,FRA,2
AGA,NRN,2
AGA,DUB,2
AGA,BGY,3
AGA,LUX,1
AGA,CMN,28
AGA,VIL,2
AGA,EUN,2
AGA,FEZ,2
AGA,RAK,3
AGA,RBA,5
AGA,TNG,4
AGA,KRK,1
AGA,LIS,1
AGA,OPO,2
AGA,MED,2
AGA,LPA,1
AGA,MAD,3
AGA,TFS,4
AGA,VLC,2
AGA,GVA,2
AGA,BHX,1
AGA,LGW,8
AGA,LTN,2
AGA,STN,3
AGA,MAN,5
AGX,COK,8
AGF,AGP,1
AKW,NO,0
AGR,BLR,4
AGR,BHO,4
AGR,LKO,4
AGR,BOM,4
AJI,ESB,8
AJI,IST,12
AJI,SAW,5
AGU,CUN,5
AGU,MEX,46
AGU,MTY,5
AGU,PVR,10
AGU,TIJ,16
AGU,MDW,4
AGU,DFW,16
AGU,IAH,16
AGU,LAX,3
AHE,XMH,3
AMD,ADD,2
AMD,ATQ,4
AMD,IXG,8
AMD,BLR,81
AMD,BHO,9
AMD,BBI,4
AMD,BHJ,8
AMD,IXC,22
AMD,MAA,22
AMD,COK,11
AMD,DED,8
AMD,DEL,169
AMD,GOI,14
AMD,GOX,14
AMD,HYD,30
AMD,IDR,24
AMD,JAI,34
AMD,IXJ,5
AMD,JDH,9
AMD,CCU,24
AMD,LKO,19
AMD,BOM,169
AMD,NAG,16
AMD,ISK,15
AMD,PAT,8
AMD,PNQ,33
AMD,RPR,3
AMD,IXR,5
AMD,IXB,8
AMD,UDR,6
AMD,VNS,8
AMD,NJF,5
AMD,KWI,16
AMD,DOH,10
AMD,SIN,6
AMD,BKK,8
AMD,AUH,21
AMD,DXB,28
AMD,DWC,3
AMD,SHJ,8
AMD,LGW,4
AMD,HAN,5
AMD,SGN,6
AWZ,BND,2
AWZ,IFN,7
AWZ,MHD,24
AWZ,RAS,1
AWZ,SRY,2
AWZ,SYZ,7
AWZ,TBZ,1
AWZ,THR,104
AWZ,KWI,1
AWZ,MED,13
AWZ,DXB,6
AIK,SFB,1
AIT,RAR,26
AJL,DEL,4
AJL,GAU,13
AJL,IMF,5
AJL,CCU,8
AJL,SHL,5
AJA,CRL,5
AJA,BYF,2
AJA,BSL,8
AJA,BIA,1
AJA,BOD,11
AJA,BES,1
AJA,CFR,5
AJA,CLY,1
AJA,CFE,1
AJA,LME,1
AJA,LIL,5
AJA,LYN,1
AJA,LYS,11
AJA,MRS,32
AJA,MPL,1
AJA,NTE,10
AJA,NCE,20
AJA,CDG,4
AJA,ORY,41
AJA,SXB,5
AJA,TLS,6
AJA,FKB,1
AJA,FCO,0
AJA,LUX,2
AJA,GVA,4
AKI,TLT,4
AXT,NGO,21
AXT,ITM,48
AXT,CTS,32
AXT,HND,72
AKC,NO,0
AKT,TIF,2
AKU,PEK,4
AKU,BPL,8
AKU,TFU,28
AKU,CKG,16
AKU,HTN,10
AKU,KRY,8
AKU,KHG,10
AKU,KRL,7
AKU,LHW,16
AKU,QSZ,8
AKU,SHF,8
AKU,TWC,12
AKU,TLQ,2
AKU,URC,59
AKU,XIY,17
AKU,XNN,7
AKU,YIN,20
AKU,CGO,16
AKX,GYD,3
AKX,SCO,7
AKX,ALA,19
AKX,NQZ,30
AKX,GUW,11
AKX,CIT,2
AKX,HSA,3
AKX,SVO,5
AKX,AYT,3
AKX,IST,2
AKV,YIK,8
AKV,YPX,8
AKR,ABV,23
AKR,LOS,21
AEY,CNP,1
AEY,GRY,3
AEY,RKV,31
AEY,VPN,6
AAN,KBL,3
AAN,CAI,3
AAN,CCJ,3
AAN,PEW,1
AHU,BRU,2
AHU,CMN,2
AHU,TNG,2
AHU,TTU,2
AHU,RTM,3
ABT,DMM,9
ABT,JED,13
ABT,RUH,16
AUK,BET,4
AUK,KOT,5
AUK,SXP,17
ALM,NO,0
ALS,DEN,15
ABC,NO,0
ALH,OCM,2
ALH,PER,33
ABY,ATL,16
ABY,CAE,1
ABY,DHN,5
ABY,SDF,1
ABY,RMG,1
ALB,ATL,23
ALB,BWI,35
ALB,BVY,1
ALB,BTV,1
ALB,CLT,24
ALB,MDW,15
ALB,ORD,39
ALB,LUK,1
ALB,CVG,1
ALB,DEN,1
ALB,DTW,31
ALB,FLL,5
ALB,BHB,1
ALB,SDF,1
ALB,MEM,2
ALB,MYR,2
ALB,BNA,2
ALB,LGA,15
ALB,EWR,27
ALB,MCO,14
ALB,PHL,23
ALB,PGD,2
ALB,SCH,1
ALB,SBN,1
ALB,PIE,2
ALB,SYR,1
ALB,TPA,1
ALB,TEB,1
ALB,IAD,24
ALB,DCA,30
ALL,NO,0
ABQ,ATL,21
ABQ,AUS,30
ABQ,BWI,1
ABQ,IFP,1
ABQ,BUR,8
ABQ,CNM,14
ABQ,MDW,9
ABQ,ORD,16
ABQ,CNO,1
ABQ,COD,1
ABQ,DFW,48
ABQ,DAL,39
ABQ,DEN,61
ABQ,ELP,3
ABQ,FAR,1
ABQ,FMN,1
ABQ,GNT,1
ABQ,IAH,24
ABQ,HOU,22
ABQ,MCI,7
ABQ,LRU,9
ABQ,LAS,45
ABQ,LAX,56
ABQ,SDF,1
ABQ,MEM,2
ABQ,MSP,8
ABQ,MLU,1
ABQ,JFK,8
ABQ,OAK,8
ABQ,ONT,1
ABQ,PHX,59
ABQ,PDX,4
ABQ,SLC,24
ABQ,SAT,1
ABQ,SBD,1
ABQ,SAN,15
ABQ,SFO,8
ABQ,SEA,8
ABQ,SVC,18
ABQ,SUX,0
ABQ,ACT,1
ABX,BNE,12
ABX,MEL,5
ABX,MCY,2
ABX,SYD,53
ADH,NO,0
ACI,GCI,35
ACI,SOU,16
ALQ,POA,3
ALP,EBL,1
ALP,BEY,1
ALP,AUH,0
ALP,SHJ,2
AES,CPH,6
AES,KUN,2
AES,AMS,15
AES,BGO,59
AES,OSL,64
AES,TRD,15
AES,GDN,5
AES,ALC,1
ALX,MEM,1
ALX,MSY,1
AEX,GUA,1
AEX,SAP,1
AEX,ATL,16
AEX,DFW,23
AXN,MSP,1
AXD,ATH,36
AXD,JSH,3
AHO,CRL,3
AHO,BLL,2
AHO,BOD,2
AHO,FMM,2
AHO,BUD,3
AHO,ORK,2
AHO,DUB,2
AHO,BRI,4
AHO,BLQ,15
AHO,CTA,3
AHO,BGY,12
AHO,LIN,24
AHO,MXP,13
AHO,NAP,5
AHO,PMO,2
AHO,PSR,2
AHO,PSA,6
AHO,FCO,48
AHO,TRN,3
AHO,VCE,3
AHO,VRN,6
AHO,KTW,3
AHO,OTP,2
AHO,BTS,6
AHO,BCN,4
AHO,MAD,2
AHO,ARN,1
AHO,STN,4
ALG,AZR,16
ALG,AAE,30
ALG,BLJ,7
ALG,CBH,6
ALG,BJA,8
ALG,BSK,8
ALG,BMW,1
ALG,TID,2
ALG,CZL,42
ALG,DJG,7
ALG,EBH,3
ALG,ELG,3
ALG,ELU,13
ALG,GHA,9
ALG,HME,17
ALG,VVZ,4
ALG,IAM,2
ALG,GJL,16
ALG,LOO,3
ALG,MZW,1
ALG,ORN,48
ALG,OGX,10
ALG,QSF,7
ALG,TGR,5
ALG,TMR,7
ALG,TEE,6
ALG,TMX,7
ALG,TIN,5
ALG,TLM,5
ALG,VIE,2
ALG,BRU,6
ALG,CRL,2
ALG,OUA,3
ALG,YUL,9
ALG,PEK,3
ALG,ABJ,0
ALG,CAI,11
ALG,MLH,1
ALG,BSL,2
ALG,BOD,11
ALG,LIL,10
ALG,LYS,22
ALG,MRS,37
ALG,ETZ,6
ALG,MPL,6
ALG,NTE,6
ALG,NCE,6
ALG,CDG,73
ALG,ORY,68
ALG,SXB,3
ALG,TLS,8
ALG,FRA,19
ALG,MXP,6
ALG,FCO,17
ALG,AMM,4
ALG,BKO,5
ALG,NKC,4
ALG,NIM,2
ALG,LIS,3
ALG,DOH,6
ALG,SVO,3
ALG,JED,6
ALG,MED,2
ALG,DSS,5
ALG,JNB,3
ALG,BCN,6
ALG,MAD,3
ALG,GVA,7
ALG,ZRH,3
ALG,TUN,33
ALG,AYT,3
ALG,IST,46
ALG,DXB,12
ALG,LHR,13
ALC,KLU,2
ALC,VIE,5
ALC,ANR,5
ALC,BRU,32
ALC,CRL,15
ALC,OST,7
ALC,SOF,3
ALC,PED,2
ALC,PRG,4
ALC,AAL,1
ALC,BLL,4
ALC,CPH,17
ALC,HEL,12
ALC,BSL,8
ALC,BOD,5
ALC,LYS,2
ALC,MRS,7
ALC,NTE,2
ALC,BVA,4
ALC,ORY,23
ALC,TLS,5
ALC,BER,8
ALC,BRE,2
ALC,CGN,10
ALC,DTM,3
ALC,DUS,13
ALC,FRA,8
ALC,HHN,3
ALC,HAM,6
ALC,FKB,6
ALC,FMM,5
ALC,MUC,4
ALC,NUE,3
ALC,PAD,2
ALC,STR,4
ALC,NRN,8
ALC,BUD,4
ALC,KEF,10
ALC,ORK,5
ALC,DUB,26
ALC,KIR,3
ALC,NOC,2
ALC,SNN,3
ALC,BRI,2
ALC,BLQ,7
ALC,BGY,8
ALC,MXP,8
ALC,FCO,7
ALC,TRN,3
ALC,TSF,4
ALC,KUN,2
ALC,LUX,2
ALC,FEZ,3
ALC,RAK,5
ALC,TTU,4
ALC,AMS,41
ALC,EIN,18
ALC,RTM,13
ALC,AES,1
ALC,BGO,9
ALC,HAU,2
ALC,KRS,1
ALC,OSL,27
ALC,TRF,7
ALC,SVG,4
ALC,TRD,3
ALC,GDN,2
ALC,KRK,4
ALC,LCJ,3
ALC,POZ,2
ALC,WAW,10
ALC,WMI,8
ALC,WRO,3
ALC,LIS,8
ALC,OPO,6
ALC,OTP,5
ALC,CLJ,3
ALC,OVD,9
ALC,BCN,30
ALC,BIO,14
ALC,LPA,2
ALC,IBZ,19
ALC,ACE,0
ALC,MAD,36
ALC,MAH,3
ALC,AGP,2
ALC,RMU,1
ALC,PMI,44
ALC,SDR,2
ALC,SCQ,18
ALC,SVQ,3
ALC,TFN,6
ALC,VIT,5
ALC,GOT,13
ALC,ARN,29
ALC,NYO,2
ALC,VST,2
ALC,VXO,3
ALC,BRN,1
ALC,GVA,9
ALC,ZRH,11
ALC,ABZ,3
ALC,BFS,15
ALC,BHX,23
ALC,BOH,7
ALC,BRS,36
ALC,CWL,5
ALC,EDI,17
ALC,EXT,2
ALC,GLA,19
ALC,PIK,7
ALC,LBA,23
ALC,LPL,18
ALC,LGW,61
ALC,LTN,28
ALC,STN,32
ALC,MAN,56
ALC,NCL,24
ALC,NQY,3
ALC,EMA,24
ALC,MME,2
ALI,NO,0
ASP,ADL,17
ASP,BNE,5
ASP,DRW,16
ASP,MEL,4
ASP,SYD,8
ASP,TCA,3
ASP,GTS,0
AET,FAI,4
AET,HUS,1
ABE,CUN,1
ABE,ATL,23
ABE,TRI,1
ABE,CLT,21
ABE,ORD,17
ABE,CMH,1
ABE,DEN,1
ABE,ERI,1
ABE,FLL,3
ABE,IND,2
ABE,MEM,2
ABE,MYR,4
ABE,BNA,2
ABE,SFB,14
ABE,PHL,4
ABE,PGD,5
ABE,SRQ,3
ABE,PIE,7
AIA,DEN,14
AIA,BFF,1
ALA,VIE,10
ALA,GYD,7
ALA,LGG,16
ALA,PEK,7
ALA,CAN,5
ALA,PVG,6
ALA,SZX,7
ALA,URC,5
ALA,XIY,1
ALA,CGO,2
ALA,SSH,3
ALA,BUS,6
ALA,KUT,2
ALA,TBS,8
ALA,CGN,1
ALA,FRA,5
ALA,LEJ,1
ALA,HER,5
ALA,HKG,14
ALA,BUD,1
ALA,DEL,10
ALA,MXP,2
ALA,SCO,35
ALA,AKX,19
ALA,NQZ,156
ALA,GUW,29
ALA,BXH,0
ALA,KGF,15
ALA,KOV,2
ALA,KSN,8
ALA,KZO,14
ALA,URA,15
ALA,UKK,21
ALA,PWQ,16
ALA,PPK,8
ALA,PLX,8
ALA,CIT,43
ALA,DMB,8
ALA,HSA,8
ALA,UZR,0
ALA,USJ,3
ALA,DZN,6
ALA,KWI,2
ALA,FRU,12
ALA,MFM,2
ALA,UBN,3
ALA,TGD,3
ALA,DOH,9
ALA,KZN,2
ALA,KJA,5
ALA,MRV,4
ALA,SVO,19
ALA,VKO,8
ALA,ZIA,3
ALA,KUF,1
ALA,UFA,1
ALA,SVX,5
ALA,ICN,15
ALA,TPE,1
ALA,DYU,6
ALA,BKK,4
ALA,HKT,4
ALA,ESB,4
ALA,AYT,14
ALA,BJV,3
ALA,IST,56
ALA,SAW,5
ALA,ASB,1
ALA,AUH,4
ALA,DXB,24
ALA,SHJ,7
ALA,STN,5
ALA,TAS,27
ALA,HAN,1
ALA,CXR,2
ARD,KOE,16
AOR,JHB,3
AOR,KUL,36
AOR,SZB,36
APN,FNT,2
ALF,HER,1
ALF,HFT,2
ALF,KKN,6
ALF,OSL,14
ALF,SOJ,6
ALF,TOS,33
ALF,VDS,7
AFL,CGB,7
ATM,BEL,8
AAT,CAN,0
AAT,LHW,8
AAT,SHF,8
AAT,TCG,4
AAT,URC,20
AAT,XIY,12
AOC,NO,0
ALN,CMH,1
ALN,DAL,1
AOO,PHL,16
AVR,NO,0
AXJ,FUK,44
AXJ,KMJ,16
ASJ,FUK,8
ASJ,KOJ,78
ASJ,KKX,27
ASJ,ITM,8
ASJ,KIX,3
ASJ,TKN,22
ASJ,HND,8
ASJ,NRT,8
ASJ,RNJ,13
AMA,AUS,7
AMA,DFW,51
AMA,DAL,31
AMA,DEN,16
AMA,FET,1
AMA,IAH,24
AMA,LAS,8
AMA,LBB,1
AMA,MLU,0
AMA,STS,1
AMA,SCF,1
AMA,SGR,1
ABL,OTZ,8
ABL,SHG,12
AMQ,DOB,8
AMQ,SQN,2
AMQ,CGK,21
AMQ,JIO,6
AMQ,LUV,8
AMQ,UPG,40
AMQ,NAM,8
AMQ,NRE,8
AMQ,SXK,8
AMQ,SOQ,8
AMQ,TTE,12
ASV,ANA,7
ASV,KTJ,7
ASV,MYD,10
ASV,HKR,7
ASV,MRE,10
ASV,KEU,12
ASV,MBA,7
ASV,WIL,32
ASV,OSJ,7
ASV,OLG,7
ASV,OLX,7
ASV,UKA,7
ASV,VPG,7
ASV,WJR,5
ASV,MDR,7
AMW,QQD,1
AMW,CTZ,1
ADJ,NO,0
AMM,ALG,5
AMM,VIE,13
AMM,BAH,9
AMM,LGG,3
AMM,YUL,3
AMM,LCA,6
AMM,PFO,7
AMM,HBE,7
AMM,ATZ,4
AMM,CAI,61
AMM,DBB,1
AMM,SPX,3
AMM,SSH,11
AMM,ADD,5
AMM,LYS,2
AMM,CDG,12
AMM,ORY,3
AMM,FRA,15
AMM,ATH,10
AMM,HKG,2
AMM,BUD,4
AMM,BGW,29
AMM,BSR,4
AMM,EBL,13
AMM,ISU,5
AMM,TLV,31
AMM,BLQ,3
AMM,BGY,4
AMM,MXP,4
AMM,CIA,2
AMM,FCO,8
AMM,VCE,2
AMM,AQJ,26
AMM,KWI,37
AMM,BEY,40
AMM,BEN,1
AMM,MJI,1
AMM,AMS,7
AMM,MCT,7
AMM,POZ,1
AMM,WMI,3
AMM,DOH,45
AMM,OTP,6
AMM,DMM,10
AMM,JED,35
AMM,MED,8
AMM,RUH,44
AMM,BCN,6
AMM,MAD,7
AMM,KRT,4
AMM,ARN,4
AMM,GVA,1
AMM,ZRH,3
AMM,DAM,1
AMM,BKK,4
AMM,TUN,5
AMM,ESB,15
AMM,AYT,12
AMM,IST,38
AMM,SAW,4
AMM,ADB,2
AMM,TZX,8
AMM,AUH,24
AMM,DXB,45
AMM,SHJ,19
AMM,LHR,16
AMM,LTN,3
AMM,ORD,11
AMM,DTW,5
AMM,JFK,8
AMM,IAD,3
AMM,ADE,7
AMM,SAH,3
ATQ,AMD,4
ATQ,BLR,8
ATQ,DEL,74
ATQ,GOX,8
ATQ,JAI,8
ATQ,CCU,8
ATQ,LKO,8
ATQ,BOM,30
ATQ,PAT,8
ATQ,PNQ,8
ATQ,SXR,16
ATQ,MXP,2
ATQ,FCO,1
ATQ,KUL,3
ATQ,DOH,8
ATQ,SIN,6
ATQ,DXB,14
ATQ,SHJ,14
ATQ,BHX,4
ATQ,LGW,4
ATQ,TAS,2
AMS,EZE,8
AMS,AUA,8
AMS,GRZ,9
AMS,INN,2
AMS,SZG,3
AMS,VIE,66
AMS,GYD,7
AMS,ANR,1
AMS,BRU,31
AMS,VCP,5
AMS,GIG,7
AMS,GRU,8
AMS,BOJ,2
AMS,SOF,8
AMS,YYC,8
AMS,YEG,5
AMS,YUL,14
AMS,YYZ,27
AMS,YVR,8
AMS,BVC,2
AMS,VXE,1
AMS,PEK,8
AMS,PKX,7
AMS,CKG,2
AMS,CAN,12
AMS,PVG,43
AMS,XMN,4
AMS,BOG,8
AMS,DBV,4
AMS,SPU,17
AMS,ZAG,23
AMS,VRA,2
AMS,CUR,20
AMS,LCA,4
AMS,PFO,4
AMS,PRG,53
AMS,AAL,27
AMS,BLL,37
AMS,CPH,111
AMS,RKE,1
AMS,PUJ,2
AMS,UIO,6
AMS,CAI,9
AMS,HRG,3
AMS,RMF,3
AMS,TLL,8
AMS,HEL,41
AMS,TMP,2
AMS,BSL,47
AMS,BOD,23
AMS,CEQ,2
AMS,LYS,26
AMS,MRS,24
AMS,MPL,8
AMS,NTE,20
AMS,NCE,45
AMS,CDG,93
AMS,LBG,1
AMS,ORY,7
AMS,RNS,7
AMS,SXB,12
AMS,TLS,28
AMS,BJL,1
AMS,TBS,3
AMS,BER,78
AMS,BRE,26
AMS,DRS,5
AMS,DUS,37
AMS,FRA,96
AMS,HAM,43
AMS,HAJ,27
AMS,LEJ,1
AMS,MUC,80
AMS,NUE,29
AMS,STR,40
AMS,ACC,7
AMS,PVK,8
AMS,ATH,38
AMS,CHQ,3
AMS,CFU,5
AMS,HER,18
AMS,KLX,3
AMS,AOK,4
AMS,EFL,2
AMS,KGS,17
AMS,JMK,4
AMS,MJT,3
AMS,RHO,12
AMS,SMI,9
AMS,JTR,5
AMS,JSI,2
AMS,SKG,10
AMS,ZTH,20
AMS,HKG,12
AMS,BUD,36
AMS,KEF,28
AMS,BLR,6
AMS,DEL,11
AMS,BOM,9
AMS,CGK,2
AMS,EBL,1
AMS,ORK,24
AMS,DUB,101
AMS,KIR,1
AMS,TLV,39
AMS,BRI,8
AMS,BLQ,25
AMS,CAG,2
AMS,CTA,12
AMS,FLR,37
AMS,GOA,8
AMS,BGY,5
AMS,LIN,55
AMS,MXP,54
AMS,NAP,22
AMS,OLB,7
AMS,PMO,2
AMS,PSA,15
AMS,FCO,52
AMS,TRN,15
AMS,VCE,38
AMS,VRN,9
AMS,MBJ,2
AMS,NRT,2
AMS,JER,2
AMS,AMM,7
AMS,GUW,5
AMS,NBO,15
AMS,KWI,11
AMS,RIX,19
AMS,BEY,4
AMS,VNO,8
AMS,LUX,35
AMS,KUL,6
AMS,MLA,9
AMS,MEX,16
AMS,KIV,2
AMS,CMN,10
AMS,FEZ,3
AMS,RAK,8
AMS,NDR,6
AMS,TNG,4
AMS,GRQ,1
AMS,RTM,2
AMS,SXM,3
AMS,LOS,7
AMS,OHD,3
AMS,AES,15
AMS,BGO,31
AMS,KRS,21
AMS,OSL,67
AMS,TRF,16
AMS,SVG,35
AMS,TRD,22
AMS,PTY,8
AMS,LIM,7
AMS,GDN,21
AMS,KRK,22
AMS,POZ,7
AMS,WAW,60
AMS,WRO,6
AMS,FAO,19
AMS,FNC,10
AMS,TER,1
AMS,LIS,85
AMS,PDL,1
AMS,OPO,27
AMS,DOH,21
AMS,OTP,36
AMS,KGL,5
AMS,JED,7
AMS,RUH,9
AMS,DSS,1
AMS,BEG,26
AMS,SIN,16
AMS,LJU,5
AMS,CPT,7
AMS,JNB,13
AMS,ICN,16
AMS,ALC,42
AMS,OVD,3
AMS,BCN,101
AMS,BIO,29
AMS,FUE,4
AMS,GRO,6
AMS,LPA,13
AMS,IBZ,36
AMS,SPC,1
AMS,ACE,5
AMS,MAD,74
AMS,MAH,4
AMS,AGP,57
AMS,PMI,40
AMS,SCQ,4
AMS,SVQ,11
AMS,TFS,12
AMS,VLC,36
AMS,ZAZ,3
AMS,PBM,8
AMS,GOT,37
AMS,LPI,19
AMS,ARN,70
AMS,GVA,61
AMS,LUG,1
AMS,ZRH,76
AMS,TPE,4
AMS,JRO,7
AMS,ZNZ,3
AMS,BKK,12
AMS,DJE,1
AMS,NBE,1
AMS,ESB,3
AMS,AYT,16
AMS,BJV,2
AMS,DLM,3
AMS,GZP,3
AMS,IST,47
AMS,SAW,41
AMS,ADB,9
AMS,ASR,4
AMS,KYA,3
AMS,AUH,13
AMS,DXB,29
AMS,DWC,12
AMS,SHJ,10
AMS,ABZ,33
AMS,BHD,6
AMS,BFS,5
AMS,BHX,52
AMS,BRS,54
AMS,CWL,21
AMS,EDI,45
AMS,FAB,2
AMS,GLA,33
AMS,HUY,17
AMS,INV,16
AMS,LBA,19
AMS,LPL,8
AMS,LCY,105
AMS,LGW,79
AMS,LHR,122
AMS,LTN,50
AMS,SEN,4
AMS,STN,18
AMS,MAN,76
AMS,NCL,27
AMS,NWI,29
AMS,EMA,1
AMS,SOU,14
AMS,MME,20
AMS,ATL,32
AMS,AUS,4
AMS,BOS,20
AMS,ORD,24
AMS,LCK,1
AMS,DFW,8
AMS,DTW,24
AMS,IAH,16
AMS,LAS,6
AMS,LAX,15
AMS,MIA,4
AMS,MSP,28
AMS,JFK,38
AMS,EWR,8
AMS,PHL,8
AMS,PDX,8
AMS,SLC,12
AMS,SFO,16
AMS,SEA,16
AMS,IAD,16
AMS,TAS,2
AKP,FAI,8
AAQ,LED,6
APS,NO,0
ANC,YYZ,1
ANC,YVR,8
ANC,YYJ,1
ANC,PEK,2
ANC,CAN,1
ANC,HGH,7
ANC,HFE,1
ANC,NKG,15
ANC,TAO,1
ANC,PVG,39
ANC,SHE,4
ANC,SZX,6
ANC,XMN,1
ANC,LBG,1
ANC,FRA,3
ANC,HKG,62
ANC,KIX,17
ANC,NRT,21
ANC,GDL,1
ANC,MEX,11
ANC,AMS,2
ANC,ICN,25
ANC,TPE,38
ANC,ADK,2
ANC,ANI,14
ANC,AST,1
ANC,ATL,30
ANC,BRW,19
ANC,BET,44
ANC,ORD,178
ANC,RFD,6
ANC,CVG,34
ANC,CDB,4
ANC,LCK,5
ANC,CDV,13
ANC,DFW,40
ANC,SCC,22
ANC,DEN,16
ANC,DLG,33
ANC,EMK,4
ANC,PAE,8
ANC,FAI,69
ANC,GSP,2
ANC,HOM,43
ANC,HNL,8
ANC,IAH,8
ANC,IGG,1
ANC,ILI,17
ANC,IND,3
ANC,JNU,43
ANC,ENA,114
ANC,KTN,9
ANC,KVC,1
ANC,AKN,67
ANC,ADQ,33
ANC,OTZ,20
ANC,UUK,7
ANC,LAS,2
ANC,LAX,59
ANC,SDF,9
ANC,MCG,2
ANC,MEM,6
ANC,MIA,18
ANC,MSP,31
ANC,JFK,51
ANC,EWR,8
ANC,OME,37
ANC,OAK,1
ANC,ONT,2
ANC,PAQ,1
ANC,PHX,4
ANC,PDX,13
ANC,RDB,3
ANC,SLC,5
ANC,SFO,17
ANC,SDP,14
ANC,SEA,189
ANC,SIT,2
ANC,GEG,1
ANC,STG,3
ANC,KSM,8
ANC,SNP,5
ANC,TEK,3
ANC,UNK,16
ANC,DUT,36
ANC,VDZ,8
ANC,YAK,4
AOI,TIA,7
AOI,CRL,5
AOI,ORY,2
AOI,MUC,8
AOI,NRN,2
AOI,CAG,2
AOI,CTA,8
AOI,BGY,1
AOI,LIN,1
AOI,OLB,2
AOI,PMO,3
AOI,PEG,1
AOI,KRK,2
AOI,STN,8
ANX,EVE,21
ANX,TOS,14
AND,RSW,1
AND,SUS,0
AID,NO,0
AZN,NO,0
ASD,NO,0
AGH,ARN,21
AGH,BMA,34
ANE,NO,0
ANQ,NO,0
ANG,NO,0
ANI,ANC,13
ANI,BET,6
ANI,CHU,4
ANI,HCR,9
ANI,KLG,9
ANI,KSM,2
AJN,NWA,3
AJN,HAH,8
AJN,DZA,4
AKA,PKX,4
AKA,CZX,3
AKA,CAN,4
AKA,HGH,4
AKA,LHW,3
AKA,PVG,4
AKA,SZX,4
AKA,WUH,4
ARB,GLR,1
ARB,TEB,1
AAE,ALG,30
AAE,ELU,1
AAE,ORN,3
AAE,LYS,5
AAE,MRS,10
AAE,CDG,7
AAE,JED,3
AAE,MED,1
AAE,IST,2
ANP,MRB,1
ANB,RVS,1
AQG,PEK,6
AQG,TFU,4
AQG,CKG,4
AQG,FOC,4
AQG,CAN,8
AQG,KWE,4
AQG,HAK,6
AQG,KMG,8
AQG,NGB,8
AQG,TAO,4
AQG,SZX,8
AQG,TSN,8
AQG,WNZ,4
AQG,XIY,4
AQG,XMN,4
AOG,NO,0
AVA,PKX,4
AVA,PVG,3
AVA,TSN,3
AYT,TIA,6
AYT,ALG,4
AYT,EVN,4
AYT,GRZ,2
AYT,LNZ,2
AYT,SZG,3
AYT,VIE,44
AYT,GYD,14
AYT,BAH,2
AYT,BRU,23
AYT,OST,2
AYT,SJJ,5
AYT,SOF,6
AYT,BRQ,4
AYT,OSR,5
AYT,PRG,26
AYT,AAL,4
AYT,BLL,10
AYT,CPH,14
AYT,RKE,1
AYT,HRG,1
AYT,SSH,2
AYT,TLL,10
AYT,HEL,7
AYT,BSL,27
AYT,LYS,1
AYT,MRS,1
AYT,NTE,1
AYT,CDG,4
AYT,ORY,2
AYT,TBS,8
AYT,BER,52
AYT,BRE,19
AYT,CGN,69
AYT,DTM,6
AYT,DRS,8
AYT,DUS,100
AYT,ERF,4
AYT,FRA,65
AYT,FDH,2
AYT,HAM,42
AYT,HAJ,55
AYT,FKB,2
AYT,KSF,2
AYT,LEJ,38
AYT,LBC,2
AYT,MUC,58
AYT,FMO,20
AYT,NUE,45
AYT,PAD,23
AYT,RLG,3
AYT,SCN,9
AYT,STR,60
AYT,HER,2
AYT,BUD,17
AYT,DEB,2
AYT,BGW,4
AYT,EBL,5
AYT,DUB,2
AYT,TLV,73
AYT,AMM,13
AYT,SCO,2
AYT,AKX,3
AYT,ALA,15
AYT,NQZ,13
AYT,GUW,2
AYT,URA,3
AYT,CIT,3
AYT,PRN,12
AYT,KWI,6
AYT,FRU,7
AYT,RIX,6
AYT,BEY,12
AYT,VNO,6
AYT,LUX,4
AYT,KIV,12
AYT,AMS,16
AYT,EIN,6
AYT,GRQ,4
AYT,RTM,4
AYT,SKP,7
AYT,BGO,2
AYT,OSL,6
AYT,SVG,1
AYT,GDN,5
AYT,KTW,6
AYT,KRK,6
AYT,POZ,4
AYT,RZE,2
AYT,SZZ,1
AYT,WAW,18
AYT,WRO,5
AYT,DOH,6
AYT,ARW,1
AYT,BAY,2
AYT,OTP,6
AYT,CLJ,3
AYT,CND,1
AYT,OMR,3
AYT,TGM,0
AYT,TSR,6
AYT,OGZ,6
AYT,CEK,20
AYT,GRV,3
AYT,KGD,8
AYT,KZN,38
AYT,KJA,6
AYT,MCX,8
AYT,MRV,26
AYT,DME,44
AYT,SVO,61
AYT,VKO,79
AYT,ZIA,9
AYT,MMK,2
AYT,NBC,4
AYT,GOJ,20
AYT,OVB,25
AYT,OMS,6
AYT,REN,4
AYT,PEE,16
AYT,KUF,21
AYT,GSV,4
AYT,AER,37
AYT,LED,57
AYT,STW,4
AYT,SGC,1
AYT,TJM,11
AYT,UFA,29
AYT,ULV,2
AYT,VOG,5
AYT,SVX,34
AYT,BEG,3
AYT,BTS,24
AYT,KSC,7
AYT,TAT,2
AYT,LJU,1
AYT,GOT,7
AYT,MMX,1
AYT,NRK,1
AYT,ARN,16
AYT,BRN,1
AYT,GVA,6
AYT,ZRH,37
AYT,ADA,29
AYT,ESB,65
AYT,BJV,1
AYT,DIY,10
AYT,ECN,26
AYT,GZT,7
AYT,IST,135
AYT,SAW,165
AYT,ADB,24
AYT,ASR,13
AYT,SZF,5
AYT,TZX,5
AYT,VAN,8
AYT,AUH,4
AYT,DXB,3
AYT,BFS,4
AYT,BHX,24
AYT,BRS,18
AYT,CWL,2
AYT,EDI,12
AYT,GLA,11
AYT,LBA,8
AYT,LPL,4
AYT,LGW,69
AYT,LTN,7
AYT,STN,28
AYT,MAN,67
AYT,NCL,16
AYT,EMA,7
ANU,AUA,3
ANU,BGI,15
ANU,YYZ,2
ANU,SMR,0
ANU,DOM,6
ANU,STI,1
ANU,SDQ,4
ANU,SBH,6
ANU,KIN,3
ANU,MNI,32
ANU,SXM,17
ANU,SJU,0
ANU,SKB,4
ANU,SLU,2
ANU,SVD,1
ANU,POS,1
ANU,PLS,3
ANU,LGW,4
ANU,ATL,1
ANU,CLT,1
ANU,MIA,9
ANU,JFK,13
ANU,EWR,1
ANU,FOK,1
ANU,EIS,15
ANU,STT,1
ANF,CCP,11
ANF,IQQ,2
ANF,LSC,15
ANF,SCL,117
ANF,CLO,4
ANF,LIM,2
ANR,INN,1
ANR,LGG,1
ANR,SPU,2
ANR,NCE,1
ANR,LUX,1
ANR,TNG,2
ANR,ALC,5
ANR,AGP,7
ANR,RMU,2
ANR,FAB,1
ANR,LCY,7
ANV,KGX,9
AOJ,UKB,8
AOJ,NKM,24
AOJ,ITM,56
AOJ,CTS,40
AOJ,HND,48
AOT,NO,0
AAF,PBI,1
APO,BOG,6
APO,EOH,54
APO,UIB,7
APW,BNE,2
APW,SYD,4
APW,HAK,1
APW,NAN,9
APW,AKL,11
APW,HNL,1
APV,NO,0
ATW,ATL,8
ATW,ORD,70
ATW,DEN,10
ATW,DTW,16
ATW,LAS,5
ATW,MEM,2
ATW,MSP,21
ATW,BNA,2
ATW,SFB,2
ATW,AZA,5
ATW,PTK,4
ATW,PDX,1
ATW,PGD,2
ATW,SAV,1
ATW,STP,1
ATW,PIE,4
APU,NO,0
AQJ,CAI,5
AQJ,AMM,25
AQJ,BTS,1
AQJ,IST,3
AQJ,AUH,2
AJK,NO,0
AJU,CNF,1
AJU,BSB,8
AJU,VCP,9
AJU,REC,26
AJU,GIG,3
AJU,GRU,41
AJU,GTP,6
ARX,FOR,4
ARU,VCP,12
ARW,BUD,1
ARW,CIY,1
ARW,AYT,1
AUX,BSB,3
APX,NO,0
AQA,NO,0
AUC,BOG,24
AUC,BGA,9
AUC,CUC,4
AAX,CNF,6
AMH,ADD,16
ACV,BUR,4
ACV,DEN,6
ACV,LAX,8
ACV,SMF,6
ACV,SFO,25
ARC,VEE,3
ADU,THR,31
AMZ,NO,0
ADM,NO,0
AQP,CUZ,12
AQP,LIM,138
AQP,TRU,1
ARI,IQQ,8
ARI,LSC,3
ARI,SCL,30
AIR,JIA,6
AQM,NO,0
ARH,CEE,1
ARH,KGD,1
ARH,DME,3
ARH,SVO,6
ARH,MMK,2
ARH,NNM,9
ARH,LED,28
AXM,BOG,39
AXM,EOH,15
AXM,MDE,4
AXM,PTY,4
AXM,FLL,4
ARM,BNE,0
ARM,CFS,0
ARM,SYD,42
ATS,NO,0
ATC,NO,0
ARK,JRO,26
ARK,GTZ,7
ARK,LKY,134
ARK,SEU,51
ARK,ZNZ,158
AXR,AHE,2
AXR,PPT,1
AJR,GEV,13
AJR,ARN,13
ABB,ABV,20
ABB,KAN,2
ABB,LOS,29
AKJ,HND,68
AKJ,TPE,1
ASI,NO,0
AVL,ATL,47
AVL,ACY,0
AVL,BLM,1
AVL,AUS,2
AVL,BWI,3
AVL,BTR,1
AVL,BED,1
AVL,BCB,1
AVL,BOS,5
AVL,SSI,1
AVL,CLT,53
AVL,MDW,2
AVL,ORD,33
AVL,DFW,18
AVL,DEN,4
AVL,VPS,1
AVL,FLL,13
AVL,HOU,2
AVL,EYW,3
AVL,LAS,3
AVL,MIA,8
AVL,MSP,8
AVL,HVN,1
AVL,LGA,23
AVL,EWR,20
AVL,OKC,1
AVL,ORL,2
AVL,SFB,11
AVL,OSH,1
AVL,ECP,2
AVL,PHL,15
AVL,PHX,2
AVL,PGD,6
AVL,RDU,1
AVL,SDM,1
AVL,SRQ,3
AVL,PIE,10
AVL,DCA,8
AVL,PBI,3
AVL,ICT,0
ASB,PEK,3
ASB,URC,1
ASB,FRA,1
ASB,BUD,1
ASB,DEL,3
ASB,ALA,1
ASB,LUX,1
ASB,KZN,1
ASB,DME,9
ASB,JED,1
ASB,IST,16
ASB,TAZ,24
ASB,KEA,5
ASB,MYP,16
ASB,CRZ,24
ASB,KRW,24
ASB,DXB,9
ASB,STN,1
ASB,HAN,2
ASM,CAI,4
ASM,ADD,17
ASM,KRT,4
ASM,IST,3
ASM,DXB,5
ASO,ADD,27
ASE,AUS,8
ASE,BUR,1
ASE,ORD,16
ASE,DFW,25
ASE,DAL,2
ASE,DEN,57
ASE,EGE,1
ASE,GED,1
ASE,IAH,11
ASE,HOU,0
ASE,JAC,0
ASE,LAS,2
ASE,LAX,24
ASE,MSN,1
ASE,MSP,1
ASE,MRY,1
ASE,RST,1
ASE,SFO,8
ASE,SCF,1
ASE,BFI,1
ASE,TEB,1
ASE,VNY,3
ATZ,CAI,4
ATZ,HMB,2
ATZ,AMM,4
ATZ,KWI,19
ATZ,JED,10
ATZ,MED,1
ATZ,RUH,3
AST,PDX,1
AST,PUB,1
ASF,GYD,7
ASF,SCO,4
ASF,KZN,2
ASF,MRV,2
ASF,SVO,32
ASF,VKO,6
ASF,GOJ,4
ASF,AER,4
ASF,LED,3
ASF,UFA,2
ASU,AEP,24
ASU,EZE,5
ASU,COR,8
ASU,VVI,5
ASU,GRU,19
ASU,SCL,6
ASU,BOG,3
ASU,MDE,0
ASU,PTY,16
ASU,AGT,4
ASU,LIM,5
ASU,MAD,8
ASU,MVD,14
ASW,ABS,6
ASW,CAI,67
ASW,HRG,1
ASW,JED,1
ASW,MED,2
ABU,KOE,8
ATH,TIA,27
ATH,EVN,7
ATH,VIE,31
ATH,BAH,6
ATH,BRU,30
ATH,CRL,7
ATH,SOF,20
ATH,YUL,10
ATH,YYZ,10
ATH,PEK,3
ATH,DBV,11
ATH,SPU,3
ATH,ZAG,4
ATH,LCA,102
ATH,PFO,2
ATH,PRG,12
ATH,BLL,1
ATH,CPH,17
ATH,HBE,2
ATH,CAI,27
ATH,HRG,1
ATH,TLL,2
ATH,ADD,4
ATH,HEL,5
ATH,BSL,5
ATH,BOD,5
ATH,LEH,1
ATH,LIL,5
ATH,LYS,7
ATH,MRS,7
ATH,NTE,8
ATH,NCE,6
ATH,CDG,56
ATH,ORY,23
ATH,VIY,1
ATH,SXB,2
ATH,TLS,5
ATH,KUT,5
ATH,TBS,4
ATH,BER,15
ATH,CGN,7
ATH,DUS,19
ATH,FRA,34
ATH,HAM,7
ATH,HAJ,2
ATH,LEJ,1
ATH,MUC,55
ATH,NUE,2
ATH,STR,8
ATH,AXD,36
ATH,JTY,13
ATH,CHQ,66
ATH,JKH,42
ATH,CFU,45
ATH,HER,91
ATH,JIK,16
ATH,IOA,16
ATH,KLX,5
ATH,JKL,7
ATH,AOK,15
ATH,KSO,2
ATH,KVA,10
ATH,EFL,26
ATH,KIT,12
ATH,KGS,39
ATH,KZI,2
ATH,LXS,15
ATH,LRS,12
ATH,MLO,48
ATH,JMK,103
ATH,MJT,43
ATH,JNX,69
ATH,PAS,102
ATH,RHO,51
ATH,SMI,32
ATH,JTR,188
ATH,JSH,8
ATH,JSI,16
ATH,SKU,7
ATH,JSY,7
ATH,SKG,116
ATH,ZTH,24
ATH,BUD,14
ATH,KEF,2
ATH,DUB,13
ATH,TLV,70
ATH,BRI,2
ATH,BLQ,11
ATH,CAG,2
ATH,CTA,8
ATH,FLR,2
ATH,BGY,8
ATH,MXP,34
ATH,NAP,11
ATH,OLB,1
ATH,PMO,2
ATH,FCO,64
ATH,VCE,6
ATH,VRN,3
ATH,AMM,11
ATH,KWI,1
ATH,RIX,7
ATH,BEY,15
ATH,BEN,3
ATH,VNO,2
ATH,LUX,4
ATH,MLA,11
ATH,TGD,2
ATH,RAK,2
ATH,AMS,38
ATH,EIN,6
ATH,SKP,5
ATH,OSL,9
ATH,KTW,7
ATH,KRK,6
ATH,WAW,8
ATH,WMI,4
ATH,WRO,6
ATH,LIS,14
ATH,OPO,2
ATH,DOH,24
ATH,OTP,30
ATH,JED,8
ATH,RUH,3
ATH,BEG,20
ATH,INI,1
ATH,SIN,5
ATH,BTS,1
ATH,LJU,2
ATH,BCN,25
ATH,BIO,5
ATH,MAD,27
ATH,AGP,4
ATH,PMI,2
ATH,SVQ,2
ATH,VLC,1
ATH,ARN,12
ATH,GVA,19
ATH,ZRH,36
ATH,TUN,2
ATH,IST,53
ATH,SAW,11
ATH,ADB,3
ATH,AUH,12
ATH,DXB,16
ATH,DWC,1
ATH,BHX,5
ATH,BRS,5
ATH,EDI,6
ATH,LGW,37
ATH,LHR,61
ATH,LTN,11
ATH,STN,11
ATH,MAN,11
ATH,NCL,1
ATH,ATL,8
ATH,BOS,5
ATH,ORD,8
ATH,JFK,24
ATH,EWR,16
ATH,PHL,8
ATH,PVD,1
ATH,IAD,8
AHN,AUO,1
AHN,BQK,0
AHN,CLT,1
AHN,MCN,1
AHN,BNA,1
ATO,NO,0
ATL,ANU,1
ATL,EZE,8
ATL,AUA,8
ATL,GGT,6
ATL,MHH,6
ATL,NAS,27
ATL,ELH,5
ATL,LGG,2
ATL,BZE,8
ATL,BDA,3
ATL,GRU,16
ATL,YYC,11
ATL,YUL,40
ATL,YYZ,68
ATL,YVR,5
ATL,GCM,8
ATL,SCL,8
ATL,BOG,11
ATL,LIR,11
ATL,SJO,12
ATL,LCA,1
ATL,PUJ,28
ATL,SDQ,11
ATL,UIO,9
ATL,SAL,11
ATL,ADD,5
ATL,NCE,8
ATL,CDG,41
ATL,DUS,3
ATL,FRA,20
ATL,MUC,8
ATL,STR,5
ATL,ATH,8
ATL,GUA,10
ATL,RTB,1
ATL,SAP,8
ATL,DUB,8
ATL,TLV,8
ATL,MXP,8
ATL,FCO,16
ATL,VCE,8
ATL,KIN,10
ATL,MBJ,33
ATL,HND,8
ATL,LUX,3
ATL,CUN,65
ATL,GDL,8
ATL,MEX,32
ATL,MTY,8
ATL,PVR,8
ATL,SJD,9
ATL,AMS,32
ATL,BON,1
ATL,SXM,8
ATL,LOS,8
ATL,PTY,14
ATL,LIM,8
ATL,SJU,49
ATL,DOH,8
ATL,SKB,1
ATL,UVF,8
ATL,CPT,3
ATL,JNB,8
ATL,ICN,16
ATL,BCN,8
ATL,MAD,8
ATL,IST,9
ATL,PLS,8
ATL,EDI,8
ATL,LHR,32
ATL,MAN,8
ATL,ALB,23
ATL,ABY,16
ATL,ABQ,22
ATL,AEX,16
ATL,ABE,23
ATL,ANC,22
ATL,ATW,8
ATL,AVL,47
ATL,PDK,1
ATL,AGS,46
ATL,AUS,90
ATL,BWI,156
ATL,BTR,39
ATL,XNA,31
ATL,BHM,66
ATL,BMI,16
ATL,TRI,29
ATL,BOI,8
ATL,BOS,107
ATL,BZN,8
ATL,BQK,16
ATL,BUF,28
ATL,BTV,8
ATL,CID,8
ATL,CHS,67
ATL,CRW,23
ATL,CLT,120
ATL,CHO,23
ATL,CHA,53
ATL,MDW,83
ATL,ORD,155
ATL,CVG,70
ATL,BKL,1
ATL,CLE,80
ATL,COS,8
ATL,CAE,45
ATL,CMH,80
ATL,CSG,23
ATL,DFW,163
ATL,DAL,88
ATL,DAY,29
ATL,DAB,32
ATL,DEN,149
ATL,DSM,24
ATL,VPS,44
ATL,DTW,109
ATL,DHN,16
ATL,ELP,16
ATL,EVV,21
ATL,FAY,16
ATL,FLL,170
ATL,FWA,21
ATL,AFW,4
ATL,GNV,37
ATL,GTR,16
ATL,GRR,29
ATL,GRB,8
ATL,GSO,52
ATL,GLH,1
ATL,GSP,67
ATL,GPT,31
ATL,MDT,23
ATL,HHH,8
ATL,HNL,8
ATL,IAH,121
ATL,HOU,69
ATL,HSV,45
ATL,IND,88
ATL,JAN,68
ATL,JAC,8
ATL,MKL,21
ATL,OAJ,16
ATL,JAX,97
ATL,MCI,81
ATL,EYW,32
ATL,TYS,60
ATL,LFT,23
ATL,LAS,114
ATL,LEE,0
ATL,LEX,42
ATL,LIT,53
ATL,LAX,118
ATL,SDF,69
ATL,MSN,23
ATL,MLB,32
ATL,MEM,86
ATL,MIA,146
ATL,OPF,1
ATL,MKE,53
ATL,MSP,89
ATL,MIB,1
ATL,MOB,31
ATL,MLI,16
ATL,MLU,16
ATL,MGM,31
ATL,MYR,32
ATL,BNA,85
ATL,MSY,92
ATL,JFK,76
ATL,LGA,175
ATL,EWR,128
ATL,ORF,58
ATL,OAK,1
ATL,OKC,45
ATL,OMA,46
ATL,ONT,30
ATL,MCO,196
ATL,ECP,44
ATL,PNS,61
ATL,PHL,124
ATL,PHX,66
ATL,PIT,60
ATL,PDX,36
ATL,PWM,16
ATL,PVD,23
ATL,RDU,97
ATL,RIC,75
ATL,ROA,24
ATL,ROC,23
ATL,SMF,22
ATL,SLC,73
ATL,SAT,74
ATL,SAN,53
ATL,SFO,80
ATL,SJC,19
ATL,SNA,27
ATL,SRQ,70
ATL,SAV,60
ATL,SEA,94
ATL,SHV,23
ATL,FSD,8
ATL,SBN,21
ATL,RSW,65
ATL,GEG,8
ATL,SGF,23
ATL,STL,76
ATL,SYR,23
ATL,TLH,47
ATL,TPA,147
ATL,TEB,1
ATL,TTN,8
ATL,TUS,16
ATL,TUL,31
ATL,VLD,16
ATL,IAD,87
ATL,DCA,155
ATL,PBI,95
ATL,HPN,38
ATL,ICT,24
ATL,ILM,32
ATL,BDL,50
ATL,STX,1
ATL,STT,14
ACY,AUS,1
ACY,DFW,1
ACY,DAN,1
ACY,FRG,1
ACY,FLL,9
ACY,GRR,1
ACY,GSP,1
ACY,GPT,0
ACY,ISP,1
ACY,LBE,1
ACY,SDF,1
ACY,MHT,1
ACY,MEO,1
ACY,BFM,1
ACY,MYR,8
ACY,ORF,1
ACY,MCO,16
ACY,PNS,1
ACY,PHL,6
ACY,RDU,1
ACY,ROA,1
ACY,RSW,8
ACY,SPI,0
ACY,PIE,1
ACY,TPA,8
ACY,DCA,1
ACY,PBI,8
ACY,ORH,1
ATK,BRW,3
ATK,PAQ,1
ATK,AIN,3
AUQ,NHV,10
AUQ,PPT,6
AUN,NOT,1
AUO,HSV,1
AUO,LZU,1
AUO,CRX,1
AKL,ADL,12
AKL,BNE,49
AKL,CNS,2
AKL,OOL,20
AKL,HBA,3
AKL,MEL,69
AKL,NLK,2
AKL,PER,8
AKL,SYD,97
AKL,YVR,5
AKL,SCL,8
AKL,PEK,4
AKL,CAN,8
AKL,PVG,16
AKL,RAR,17
AKL,NAN,29
AKL,PPT,6
AKL,HKG,13
AKL,DPS,3
AKL,NRT,8
AKL,KUL,10
AKL,NOU,5
AKL,BHE,37
AKL,CHT,2
AKL,CHC,155
AKL,DUD,29
AKL,GIS,39
AKL,IVC,6
AKL,KKE,36
AKL,NPE,81
AKL,NSN,70
AKL,NPL,58
AKL,IUE,1
AKL,PMR,70
AKL,PPQ,9
AKL,ZQN,66
AKL,ROT,17
AKL,TUO,16
AKL,TRG,61
AKL,WLG,161
AKL,WHK,21
AKL,WAG,21
AKL,WRE,34
AKL,APW,11
AKL,SIN,25
AKL,ICN,10
AKL,TPE,4
AKL,TBU,7
AKL,DXB,8
AKL,ORD,4
AKL,HNL,8
AKL,IAH,7
AKL,LAX,8
AKL,JFK,5
AKL,SFO,9
AKL,VLI,3
AKL,HAN,1
AGB,HAM,1
AGB,OLB,1
AGB,BQH,1
AGS,PDK,1
AGS,FTY,1
AGS,ATL,47
AGS,AGS,1
AGS,JZI,1
AGS,CLT,45
AGS,DFW,8
AGS,HYA,1
AGS,MCN,2
AGS,MKE,1
AGS,APF,1
AGS,DCA,7
AUG,BOS,32
AUR,ORY,19
AUU,CNS,10
AUU,IRG,8
AUS,NAS,1
AUS,YYC,2
AUS,YYZ,8
AUS,YVR,2
AUS,LIR,4
AUS,PUJ,1
AUS,FRA,3
AUS,MBJ,1
AUS,CUN,22
AUS,CZM,2
AUS,LTO,1
AUS,MEX,9
AUS,MTY,5
AUS,PVR,4
AUS,SJD,16
AUS,AMS,3
AUS,LHR,13
AUS,ABQ,30
AUS,AMA,8
AUS,AVL,2
AUS,ASE,9
AUS,PDK,1
AUS,ATL,89
AUS,ACY,1
AUS,AUS,1
AUS,BWI,38
AUS,BOI,0
AUS,BOS,38
AUS,BZN,3
AUS,BRO,1
AUS,BWD,1
AUS,BUR,8
AUS,CHS,8
AUS,CLT,46
AUS,GYY,1
AUS,MDW,39
AUS,ORD,76
AUS,CVG,19
AUS,CLL,1
AUS,CMH,9
AUS,ADS,3
AUS,DFW,111
AUS,DAL,84
AUS,APA,1
AUS,DEN,92
AUS,DSM,3
AUS,VPS,9
AUS,DTW,38
AUS,EGE,1
AUS,ELP,38
AUS,FLL,23
AUS,AFW,8
AUS,GRR,2
AUS,GUC,1
AUS,HRL,14
AUS,HNL,4
AUS,IAH,59
AUS,HOU,38
AUS,IND,23
AUS,JAX,17
AUS,MKC,1
AUS,MCI,23
AUS,TYS,2
AUS,LAS,67
AUS,LEX,1
AUS,LIT,1
AUS,LGB,14
AUS,LAX,88
AUS,SDF,3
AUS,LBB,7
AUS,ASL,1
AUS,MEM,12
AUS,MSC,1
AUS,MIA,40
AUS,MAF,8
AUS,MSP,32
AUS,OCH,0
AUS,BNA,60
AUS,MSY,53
AUS,JFK,56
AUS,EWR,55
AUS,OAK,8
AUS,OKC,15
AUS,OMA,2
AUS,ONT,8
AUS,MCO,63
AUS,SFB,2
AUS,ECP,10
AUS,PNS,4
AUS,PHL,16
AUS,PHX,66
AUS,PIT,2
AUS,PDX,7
AUS,PVU,3
AUS,RDU,29
AUS,RNO,1
AUS,SMF,22
AUS,SLC,40
AUS,SJT,3
AUS,SAT,3
AUS,SBD,1
AUS,SAN,49
AUS,SFO,45
AUS,SJC,44
AUS,SNA,18
AUS,SBA,1
AUS,SRQ,3
AUS,SEA,40
AUS,GKT,1
AUS,DTN,1
AUS,FSD,5
AUS,STL,22
AUS,TPA,33
AUS,TPL,1
AUS,TEB,1
AUS,TUL,16
AUS,VRB,1
AUS,IAD,32
AUS,DCA,8
AUS,HPN,1
AUM,ILL,1
AUF,NO,0
AVX,VNY,0
AVB,NAP,1
AVN,NCY,1
AVN,LYN,1
AVN,LBG,1
AVN,FAO,1
AVN,ZRH,1
AVP,CLT,21
AVP,ORD,24
AVP,MDT,1
AVP,EWR,16
AVP,BDR,1
AVP,WSG,1
AVP,UES,2
AWA,ADD,24
AXU,NO,0
AYP,LIM,28
AYQ,CNS,3
AYQ,MEL,6
AYQ,SYD,9
AEB,TFU,4
AEB,CKG,4
AEB,CAN,4
AEB,KWE,8
AEB,SZX,8
ABM,CNS,10
ABM,HID,6
ACB,NO,0
AEP,BHI,23
AEP,CTC,9
AEP,CRD,48
AEP,COR,119
AEP,CNQ,25
AEP,FTE,17
AEP,EQS,7
AEP,FMA,10
AEP,JUJ,30
AEP,IRJ,9
AEP,MDQ,22
AEP,MDZ,114
AEP,RLO,3
AEP,NQN,65
AEP,PRA,9
AEP,PSS,30
AEP,IGR,78
AEP,PMY,10
AEP,RES,23
AEP,RCU,5
AEP,RGL,16
AEP,RGA,10
AEP,ROS,18
AEP,SLA,69
AEP,BRC,74
AEP,UAQ,23
AEP,LUQ,10
AEP,CPC,8
AEP,AFA,7
AEP,SFN,13
AEP,RSA,6
AEP,SDE,21
AEP,RHD,1
AEP,REL,11
AEP,TUC,61
AEP,USH,17
AEP,VDM,5
AEP,VVI,8
AEP,BSB,3
AEP,CWB,4
AEP,FLN,6
AEP,POA,7
AEP,REC,1
AEP,GIG,26
AEP,SSA,2
AEP,GRU,73
AEP,SCL,53
AEP,BOG,8
AEP,ASU,25
AEP,LIM,16
AEP,MVD,30
AEP,PDP,5
ADW,NBW,1
ADW,IAH,1
AUZ,BTL,1
AUZ,PWK,0
AUZ,EGV,0
AUZ,MBL,1
AUZ,MRY,1
AUZ,ROG,1
AGT,VCP,1
AGT,ASU,2
ADS,YAZ,1
ADS,AMA,1
ADS,PDK,1
ADS,BCT,1
ADS,CLL,1
ADS,CXO,1
ADS,DFW,1
ADS,DAL,1
ADS,DRO,1
ADS,FTW,1
ADS,HOU,2
ADS,IOW,1
ADS,ERV,1
ADS,LFT,1
ADS,LIT,1
ADS,LBB,1
ADS,MPR,1
ADS,OKC,1
ADS,PHX,2
ADS,ROG,1
ADS,SAT,1
ADS,SAN,2
ADS,SCF,1
ADS,UST,1
APA,PVR,1
APA,QRO,1
APA,ASE,4
APA,MTN,1
APA,BED,1
APA,BOI,1
APA,BZN,1
APA,CNM,1
APA,CPR,1
APA,MDW,2
APA,AKO,1
APA,COS,1
APA,BJC,1
APA,DBQ,0
APA,DRO,1
APA,FOD,1
APA,FXE,1
APA,GJT,1
APA,GXY,1
APA,QQQ,0
APA,JNU,1
APA,MKC,2
APA,JCI,5
APA,HSH,1
APA,LGB,1
APA,FCM,1
APA,MSP,1
APA,CNY,1
APA,MRY,1
APA,MTJ,1
APA,QQZ,1
APA,OMA,1
APA,PHX,1
APA,RAP,1
APA,RNO,1
APA,SLC,2
APA,SAN,1
APA,CLD,2
APA,SFO,1
APA,SBA,1
APA,SAF,1
APA,STS,2
APA,BFI,1
APA,SNY,1
APA,STL,2
APA,TRL,1
APA,TEB,1
APA,AVW,1
APA,IAD,2
APA,HPN,1
AOE,BRU,4
AOE,MED,2
AFW,SDJ,1
AFW,AUS,3
AFW,ORD,1
AFW,CMH,1
AFW,DEN,1
AFW,DSM,1
AFW,ELP,1
AFW,FWA,1
AFW,IAH,1
AFW,MCI,1
AFW,LAL,1
AFW,LAS,1
AFW,LAX,1
AFW,MHT,1
AFW,QQT,0
AFW,MEM,2
AFW,MIA,1
AFW,BFM,1
AFW,OAK,1
AFW,OMA,1
AFW,ONT,1
AFW,RDU,1
AFW,RIC,1
AFW,SLC,1
AFW,SAT,1
AFW,SJC,1
AFW,SNA,1
AFW,SHV,1
AFW,TUL,1
AFW,VNY,1
AFW,WST,1
AFW,HPN,1
AHJ,TFU,4
AHJ,LXA,4
AHJ,WNZ,3
ADB,VIE,6
ADB,GYD,9
ADB,BRU,5
ADB,SOF,1
ADB,CPH,5
ADB,BSL,5
ADB,CDG,7
ADB,ORY,2
ADB,TBS,4
ADB,BER,20
ADB,BRE,2
ADB,CGN,17
ADB,DTM,4
ADB,DUS,25
ADB,FRA,28
ADB,HAM,9
ADB,HAJ,9
ADB,MUC,23
ADB,NUE,9
ADB,SCN,1
ADB,STR,25
ADB,ATH,4
ADB,BUD,1
ADB,IKA,4
ADB,DUB,8
ADB,TLV,7
ADB,MXP,4
ADB,VCE,2
ADB,AMM,3
ADB,KWI,3
ADB,BEY,2
ADB,LUX,2
ADB,AMS,12
ADB,EIN,1
ADB,SKP,4
ADB,OSL,2
ADB,KTW,1
ADB,WAW,2
ADB,DME,1
ADB,SVO,4
ADB,VKO,8
ADB,JED,5
ADB,MED,5
ADB,BEG,5
ADB,BTS,3
ADB,BCN,1
ADB,ARN,2
ADB,GVA,2
ADB,ZRH,8
ADB,ADA,21
ADB,ESB,58
ADB,AYT,23
ADB,BJV,2
ADB,DIY,16
ADB,EZS,2
ADB,ECN,19
ADB,ERZ,4
ADB,GZT,13
ADB,IST,128
ADB,SAW,113
ADB,KSY,3
ADB,ASR,6
ADB,KYA,3
ADB,MLX,4
ADB,MQM,4
ADB,OGU,2
ADB,SZF,4
ADB,GNY,3
ADB,TZX,9
ADB,VAN,7
ADB,DXB,2
ADB,BHX,5
ADB,EDI,1
ADB,GLA,1
ADB,LBA,1
ADB,LPL,2
ADB,LGW,5
ADB,LTN,4
ADB,STN,10
ADB,MAN,8
ADB,NCL,1
ADB,EMA,1
AZO,BLM,1
AZO,BGR,0
AZO,ORD,16
AZO,DTW,16
AZO,MCO,2
AOK,GRZ,1
AOK,SZG,1
AOK,VIE,3
AOK,PRG,1
AOK,BLL,1
AOK,HEL,1
AOK,DUS,1
AOK,MUC,1
AOK,ATH,15
AOK,HER,1
AOK,KSJ,7
AOK,RHO,10
AOK,BUD,1
AOK,BLQ,0
AOK,MXP,2
AOK,NAP,2
AOK,VCE,1
AOK,VRN,1
AOK,AMS,2
AOK,ARN,3
ASR,LGG,2
ASR,BSL,2
ASR,CGN,1
ASR,DUS,9
ASR,FRA,2
ASR,MUC,1
ASR,STR,4
ASR,AMS,4
ASR,AYT,12
ASR,ECN,3
ASR,IST,72
ASR,SAW,56
ASR,ADB,6
AKN,ANC,64
AKN,KCG,3
AKN,DLG,4
AKN,ILI,7
AKN,KLL,6
AKN,PIP,1
AKN,WSN,3
AKN,UGB,3
ADQ,AKK,0
ADQ,AOS,0
ADQ,ANC,32
ADQ,KYK,0
ADQ,KKB,0
ADQ,KLN,0
ADQ,OLH,0
ADQ,KOY,0
ADQ,KOZ,0
ADQ,KPY,0
ADQ,ORI,0
ADQ,SEA,1
AIZ,OJC,1
ACE,BRU,2
ACE,CRL,2
ACE,CPH,1
ACE,BSL,2
ACE,BOD,2
ACE,LYS,3
ACE,MRS,3
ACE,NTE,1
ACE,BVA,1
ACE,CDG,2
ACE,ORY,6
ACE,CGN,6
ACE,DUS,4
ACE,FRA,4
ACE,HAM,2
ACE,HAJ,1
ACE,MUC,3
ACE,STR,1
ACE,ORK,8
ACE,DUB,31
ACE,NOC,1
ACE,SNN,4
ACE,BLQ,2
ACE,BGY,2
ACE,MXP,3
ACE,FCO,3
ACE,TRN,2
ACE,LUX,3
ACE,GLN,1
ACE,AMS,2
ACE,EIN,2
ACE,RTM,1
ACE,WAW,1
ACE,FAO,1
ACE,BTS,1
ACE,ALC,3
ACE,OVD,3
ACE,BCN,16
ACE,BIO,10
ACE,FUE,7
ACE,LPA,169
ACE,SPC,2
ACE,MAD,38
ACE,AGP,4
ACE,SCQ,9
ACE,SVQ,6
ACE,TFN,72
ACE,TFS,16
ACE,VLC,3
ACE,ZRH,2
ACE,BFS,6
ACE,BHX,14
ACE,BOH,2
ACE,BRS,16
ACE,CWL,3
ACE,EDI,12
ACE,EXT,1
ACE,GLA,6
ACE,PIK,2
ACE,LBA,10
ACE,LPL,3
ACE,LGW,34
ACE,LTN,7
ACE,STN,18
ACE,MAN,26
ACE,NCL,9
ACE,EMA,15
AOH,NO,0
AGP,VIE,17
AGP,ANR,7
AGP,BRU,35
AGP,CRL,9
AGP,LGG,2
AGP,OST,7
AGP,SOF,5
AGP,YUL,2
AGP,ZAG,2
AGP,PRG,13
AGP,AAL,5
AGP,AAR,3
AGP,BLL,9
AGP,CPH,39
AGP,LXR,1
AGP,TLL,4
AGP,HEL,25
AGP,TMP,3
AGP,BSL,9
AGP,BOD,7
AGP,LIL,2
AGP,LYS,9
AGP,MRS,8
AGP,NTE,10
AGP,NCE,3
AGP,BVA,5
AGP,CDG,28
AGP,ORY,34
AGP,TLS,4
AGP,TUF,1
AGP,BER,16
AGP,BRE,2
AGP,CGN,12
AGP,DTM,5
AGP,DUS,24
AGP,FRA,26
AGP,HHN,2
AGP,HAM,13
AGP,FKB,3
AGP,FMM,3
AGP,MUC,15
AGP,NUE,2
AGP,PAD,2
AGP,STR,5
AGP,NRN,8
AGP,ATH,3
AGP,BUD,8
AGP,KEF,1
AGP,ORK,14
AGP,DUB,59
AGP,NOC,1
AGP,SNN,4
AGP,TLV,1
AGP,BLQ,5
AGP,BGY,8
AGP,MXP,17
AGP,NAP,3
AGP,PSA,2
AGP,FCO,25
AGP,TRN,1
AGP,TSF,7
AGP,KWI,3
AGP,RIX,5
AGP,KUN,3
AGP,VNO,2
AGP,LUX,8
AGP,CMN,15
AGP,FEZ,7
AGP,RAK,10
AGP,NDR,5
AGP,RBA,5
AGP,TNG,12
AGP,TTU,10
AGP,AMS,57
AGP,EIN,22
AGP,RTM,15
AGP,BGO,4
AGP,HAU,2
AGP,OSL,21
AGP,TRF,4
AGP,SVG,3
AGP,TRD,2
AGP,GDN,5
AGP,KTW,3
AGP,KRK,6
AGP,WAW,9
AGP,WMI,2
AGP,WRO,1
AGP,LIS,24
AGP,OPO,6
AGP,DOH,3
AGP,OTP,7
AGP,CLJ,2
AGP,BEG,4
AGP,LCG,2
AGP,OVD,9
AGP,BCN,61
AGP,BIO,24
AGP,JCU,43
AGP,LPA,16
AGP,GRX,1
AGP,IBZ,10
AGP,ACE,4
AGP,MAD,61
AGP,MAH,4
AGP,MLN,59
AGP,PMI,29
AGP,EAS,3
AGP,SDR,3
AGP,SCQ,13
AGP,TFN,16
AGP,TFS,3
AGP,VLC,16
AGP,VIT,4
AGP,ZAZ,2
AGP,GOT,14
AGP,ARN,39
AGP,BMA,1
AGP,NYO,2
AGP,VST,2
AGP,VXO,1
AGP,GVA,16
AGP,ZRH,24
AGP,IST,16
AGP,DWC,1
AGP,ABZ,2
AGP,BFS,19
AGP,BHX,18
AGP,BOH,7
AGP,BRS,29
AGP,CWL,6
AGP,EDI,9
AGP,EXT,3
AGP,GLA,20
AGP,PIK,6
AGP,LBA,20
AGP,LPL,21
AGP,LCY,8
AGP,LGW,93
AGP,LHR,20
AGP,LTN,35
AGP,SEN,6
AGP,STN,29
AGP,MAN,44
AGP,NCL,14
AGP,NQY,3
AGP,EMA,23
AGP,SOU,1
AGP,EWR,4
ACP,THR,2
ASL,NO,0
AVV,OOL,8
AVV,MCY,4
AVV,SYD,24
ARV,NO,0
APL,NBO,9
APL,BEW,1
APL,VXC,5
APL,MPM,17
APL,TET,1
APL,JNB,3
ACK,YYZ,1
ACK,BED,2
ACK,BNH,27
ACK,BOS,84
ACK,CLT,1
ACK,CHA,1
ACK,HYA,10
ACK,JVL,1
ACK,LKP,1
ACK,MVY,4
ACK,EWB,5
ACK,JFK,25
ACK,LGA,32
ACK,EWR,16
ACK,ORF,1
ACK,OWD,1
ACK,OXC,1
ACK,PSF,1
ACK,PVD,2
ACK,TEB,14
ACK,IAD,1
ACK,DCA,8
ACK,HPN,21
ACK,BDL,1
ACK,ZZV,1
APC,YVR,1
APC,BZN,1
APC,LAS,1
APC,MOD,1
APC,PSP,1
APC,RNO,1
APC,SMF,1
APC,SFO,1
APC,SNA,1
APC,SMX,1
APC,STS,1
APC,STL,1
APC,VNY,2
APC,HPN,1
APF,GGT,1
APF,YYZ,7
APF,LIR,1
APF,PLS,1
APF,ALB,1
APF,BED,1
APF,PWK,1
APF,CEU,1
APF,BKL,1
APF,DSI,1
APF,GFL,1
APF,TMB,1
APF,OPF,1
APF,MMU,1
APF,ACK,1
APF,ORF,1
APF,OMA,1
APF,AGC,2
APF,RDG,1
APF,RST,1
APF,RSW,2
APF,TPA,3
APF,PBI,3
APF,HPN,1
APF,BDL,1
APF,BJJ,0
ASH,PYM,1
ARA,TCL,1
AUA,ANU,2
AUA,YYZ,2
AUA,BAQ,2
AUA,BOG,14
AUA,MDE,6
AUA,CUR,98
AUA,JBQ,2
AUA,SDQ,12
AUA,AMS,1
AUA,BON,13
AUA,PTY,8
AUA,PBM,3
AUA,ATL,8
AUA,BWI,2
AUA,BOS,11
AUA,CLT,13
AUA,ORD,2
AUA,DFW,1
AUA,FLL,2
AUA,IAH,2
AUA,MIA,16
AUA,JFK,28
AUA,LGA,1
AUA,EWR,13
AUA,MCO,8
AUA,PHL,8
AUA,IAD,4
AZA,ATW,4
AZA,BLI,2
AZA,BIL,4
AZA,BIS,4
AZA,BOI,3
AZA,BZN,3
AZA,CID,3
AZA,RFD,2
AZA,CVG,2
AZA,DSM,3
AZA,EUG,4
AZA,FAR,4
AZA,FNT,2
AZA,FWA,3
AZA,AFW,1
AZA,GRI,2
AZA,GRR,4
AZA,HOU,3
AZA,IDA,6
AZA,JAC,1
AZA,FCA,1
AZA,MSO,3
AZA,OMA,2
AZA,PSC,2
AZA,PIA,3
AZA,AZA,1
AZA,PHX,1
AZA,PVU,13
AZA,RAP,3
AZA,SAN,2
AZA,FSD,5
AZA,SBN,2
AZA,GEG,2
AZA,SGF,4
AZA,VNY,1
AZA,ICT,2
AZA,YUM,0
AGC,MDW,1
AGC,PHD,1
AGC,LNS,1
AGC,MNZ,11
AGC,MMU,1
AGC,MCO,1
AGC,PTW,6
AGC,TEB,2
AGC,IAD,1
AQI,CAI,0
AQI,DMM,2
AQI,JED,5
AQI,RUH,16
AQI,DXB,2
AAZ,GUA,2
AFZ,NO,0
AJF,CAI,10
AJF,HMB,1
AJF,JED,8
AJF,RUH,35
AJF,SHJ,5
AZS,YUL,4
AZS,YYZ,2
AZS,PBI,1
AAP,CGK,24
AAP,BEJ,16
AAP,SUB,29
AAP,YIA,8
ADZ,BAQ,6
ADZ,BOG,75
ADZ,CLO,14
ADZ,CTG,14
ADZ,MDE,11
ADZ,PVA,16
ADZ,PTY,2
AFA,AEP,7
AKY,VBA,2
AKY,MDL,2
AKY,NYT,1
AKY,SNW,1
AKY,RGN,36
AER,EVN,30
AER,GYD,6
AER,MSQ,3
AER,HRG,2
AER,SSH,4
AER,TLV,6
AER,FRU,1
AER,OSS,2
AER,ABA,2
AER,ASF,3
AER,BAX,6
AER,EGO,1
AER,OGZ,3
AER,CSY,3
AER,CEK,24
AER,CEE,5
AER,IKT,21
AER,IWA,3
AER,IJK,9
AER,KGD,1
AER,KLF,2
AER,KZN,43
AER,KEJ,6
AER,HMA,1
AER,KVX,5
AER,KJA,29
AER,KRO,3
AER,MCX,6
AER,MRV,14
AER,DME,158
AER,SVO,165
AER,VKO,55
AER,MMK,2
AER,NBC,7
AER,NYM,2
AER,NJC,6
AER,GOJ,17
AER,NOZ,5
AER,OVB,68
AER,NUX,3
AER,NOJ,3
AER,OMS,27
AER,REN,7
AER,PEZ,4
AER,PEE,18
AER,PES,2
AER,PKV,2
AER,SLY,4
AER,KUF,28
AER,SKX,2
AER,GSV,3
AER,LED,101
AER,STW,2
AER,SGC,14
AER,SCW,6
AER,TJM,34
AER,UFA,27
AER,UCT,2
AER,ULV,4
AER,IAR,1
AER,SVX,73
AER,BEG,3
AER,DYU,4
AER,LBD,1
AER,AYT,39
AER,DLM,7
AER,IST,44
AER,DWC,6
AER,NMA,3
AER,SKD,1
AER,TAS,8
AER,UGC,1
AXP,CRI,1
AXP,NAS,5
ACH,SZG,1
ACH,VIE,13
ACH,CEQ,1
ACH,QEF,1
ACH,FDH,1
ACH,MHG,1
ACH,EFL,1
ACH,SNN,1
ACH,PSA,1
ACH,PMI,1
ARN,VIE,39
ARN,BRU,13
ARN,CRL,6
ARN,BNX,3
ARN,SJJ,1
ARN,BOJ,4
ARN,VAR,0
ARN,YYZ,4
ARN,PEK,3
ARN,DBV,3
ARN,PUY,1
ARN,RJK,3
ARN,SPU,14
ARN,ZAD,2
ARN,LCA,9
ARN,PRG,13
ARN,BLL,13
ARN,CPH,127
ARN,CAI,2
ARN,TLL,37
ARN,ADD,8
ARN,HEL,109
ARN,MHQ,24
ARN,TMP,1
ARN,TKU,20
ARN,VAA,6
ARN,BIA,1
ARN,BZR,3
ARN,NCE,22
ARN,CDG,51
ARN,ORY,6
ARN,BER,30
ARN,CGN,5
ARN,DUS,24
ARN,FRA,41
ARN,HAM,14
ARN,FKB,2
ARN,MUC,41
ARN,STR,4
ARN,PVK,2
ARN,ATH,12
ARN,CHQ,13
ARN,CFU,3
ARN,HER,2
ARN,AOK,3
ARN,KGS,2
ARN,RHO,12
ARN,SMI,1
ARN,JTR,0
ARN,JSI,1
ARN,SKG,7
ARN,ZTH,2
ARN,BUD,8
ARN,KEF,18
ARN,DUB,15
ARN,TLV,3
ARN,AHO,1
ARN,BLQ,2
ARN,BDS,3
ARN,CTA,2
ARN,BGY,8
ARN,LIN,8
ARN,MXP,4
ARN,OLB,2
ARN,PMO,2
ARN,PSA,4
ARN,FCO,23
ARN,TRN,2
ARN,VCE,4
ARN,AMM,4
ARN,PRN,1
ARN,RIX,30
ARN,BEY,3
ARN,KUN,4
ARN,VNO,17
ARN,LUX,4
ARN,MLA,2
ARN,AMS,67
ARN,BGO,20
ARN,EVE,1
ARN,OSL,129
ARN,SVG,6
ARN,TOS,1
ARN,TRD,7
ARN,GDN,16
ARN,KRK,12
ARN,POZ,3
ARN,WAW,25
ARN,WMI,7
ARN,WRO,4
ARN,FAO,5
ARN,LIS,11
ARN,OPO,2
ARN,DOH,12
ARN,BEG,8
ARN,INI,3
ARN,ICN,4
ARN,ALC,29
ARN,BCN,24
ARN,FUE,1
ARN,LPA,3
ARN,MAD,11
ARN,AGP,39
ARN,PMI,26
ARN,TFS,1
ARN,VLC,2
ARN,AGH,21
ARN,AJR,13
ARN,GOT,61
ARN,HFS,22
ARN,JKG,1
ARN,KLR,20
ARN,KRN,14
ARN,KRF,25
ARN,LLA,91
ARN,LYC,26
ARN,MMX,48
ARN,ORB,2
ARN,OER,23
ARN,OSD,28
ARN,RNB,19
ARN,SFT,41
ARN,SDL,19
ARN,EVG,17
ARN,UME,64
ARN,VXO,2
ARN,VBY,24
ARN,GVA,6
ARN,ZRH,34
ARN,BKK,8
ARN,ESB,3
ARN,AYT,16
ARN,GZP,2
ARN,IST,22
ARN,SAW,18
ARN,ADB,2
ARN,KYA,3
ARN,DXB,8
ARN,BHX,2
ARN,EDI,11
ARN,LPL,2
ARN,LGW,29
ARN,LHR,67
ARN,STN,11
ARN,MAN,9
ARN,ORD,7
ARN,JFK,8
ARN,EWR,16
ASN,NO,0
AXA,SDQ,2
AXA,SBH,5
AXA,SXM,24
AXA,SJU,10
AXA,NEV,4
AXA,MIA,8
AXA,STT,4
AVW,APA,1
AVW,LAX,1
ACT,DFW,24
ACT,NEW,1
ACT,SAT,1
AIN,ATK,3
AIN,BRW,3
AWK,HNL,1
ALW,SEA,8
ARG,NO,0
AGE,NO,0
ALO,ORD,15
ALO,MKT,1
ART,MTN,1
ART,HHH,1
ART,PHL,16
ATY,ORD,7
ATY,DEN,7
ATY,DSM,1
ATY,MSP,1
ATY,FSD,1
AUW,NO,0
AYS,NO,0
AWM,BUF,1
AWM,PWK,1
ACX,PKX,4
ACX,CSX,4
ACX,CTU,8
ACX,CKG,8
ACX,FUO,4
ACX,FOC,4
ACX,CAN,8
ACX,KWE,40
ACX,HAK,3
ACX,HUZ,8
ACX,NKG,4
ACX,NNG,4
ACX,NGB,4
ACX,PVG,8
ACX,SZX,4
ACX,WNZ,8
ACX,CGO,0
ACX,ZYI,24
AZD,BND,3
AZD,MHD,13
AZD,THR,42
ACZ,MHD,2
ACZ,THR,3
